[
  {
    "inputs": [
      {
        "internalType": "address",
        "name": "_ebtTokenAddress",
        "type": "address"
      },
      {
        "internalType": "address",
        "name": "_usdtTokenAddress",
        "type": "address"
      },
      {
        "internalType": "address",
        "name": "_pancakeRouterAddress",
        "type": "address"
      },
      {
        "internalType": "address",
        "name": "_priceFeedAddress",
        "type": "address"
      }
    ],
    "stateMutability": "nonpayable",
    "type": "constructor"
  },
  {
    "anonymous": false,
    "inputs": [
      {
        "indexed": true,
        "internalType": "address",
        "name": "oldAdmin",
        "type": "address"
      },
      {
        "indexed": true,
        "internalType": "address",
        "name": "newAdmin",
        "type": "address"
      }
    ],
    "name": "AdminChanged",
    "type": "event"
  },
  {
    "anonymous": false,
    "inputs": [
      {
        "indexed": true,
        "internalType": "address",
        "name": "user",
        "type": "address"
      },
      {
        "indexed": false,
        "internalType": "uint256",
        "name": "amount",
        "type": "uint256"
      },
      {
        "indexed": true,
        "internalType": "address",
        "name": "referrer",
        "type": "address"
      }
    ],
    "name": "AirdropClaimed",
    "type": "event"
  },
  {
    "anonymous": false,
    "inputs": [
      {
        "indexed": true,
        "internalType": "address",
        "name": "referrer",
        "type": "address"
      },
      {
        "indexed": true,
        "internalType": "address",
        "name": "referee",
        "type": "address"
      },
      {
        "indexed": false,
        "internalType": "uint256",
        "name": "commission",
        "type": "uint256"
      },
      {
        "indexed": false,
        "internalType": "uint256",
        "name": "level",
        "type": "uint256"
      }
    ],
    "name": "AirdropReferralCommissionPaid",
    "type": "event"
  },
  {
    "anonymous": false,
    "inputs": [
      {
        "indexed": false,
        "internalType": "uint256",
        "name": "level1",
        "type": "uint256"
      },
      {
        "indexed": false,
        "internalType": "uint256",
        "name": "level2",
        "type": "uint256"
      },
      {
        "indexed": false,
        "internalType": "uint256",
        "name": "level3",
        "type": "uint256"
      },
      {
        "indexed": false,
        "internalType": "uint256",
        "name": "level4",
        "type": "uint256"
      },
      {
        "indexed": false,
        "internalType": "uint256",
        "name": "level5",
        "type": "uint256"
      }
    ],
    "name": "AirdropReferralRatesUpdated",
    "type": "event"
  },
  {
    "anonymous": false,
    "inputs": [
      {
        "indexed": false,
        "internalType": "uint256",
        "name": "threshold",
        "type": "uint256"
      },
      {
        "indexed": false,
        "internalType": "uint256",
        "name": "percentage",
        "type": "uint256"
      }
    ],
    "name": "BonusParametersUpdated",
    "type": "event"
  },
  {
    "anonymous": false,
    "inputs": [
      {
        "indexed": false,
        "internalType": "uint256",
        "name": "minUsdt",
        "type": "uint256"
      },
      {
        "indexed": false,
        "internalType": "uint256",
        "name": "minBnb",
        "type": "uint256"
      }
    ],
    "name": "MinimumPurchaseUpdated",
    "type": "event"
  },
  {
    "anonymous": false,
    "inputs": [
      {
        "indexed": true,
        "internalType": "address",
        "name": "previousOwner",
        "type": "address"
      },
      {
        "indexed": true,
        "internalType": "address",
        "name": "newOwner",
        "type": "address"
      }
    ],
    "name": "OwnershipTransferred",
    "type": "event"
  },
  {
    "anonymous": false,
    "inputs": [
      {
        "indexed": true,
        "internalType": "uint256",
        "name": "phase",
        "type": "uint256"
      },
      {
        "indexed": false,
        "internalType": "uint256",
        "name": "startTime",
        "type": "uint256"
      },
      {
        "indexed": false,
        "internalType": "uint256",
        "name": "endTime",
        "type": "uint256"
      },
      {
        "indexed": false,
        "internalType": "uint256",
        "name": "tokenPrice",
        "type": "uint256"
      }
    ],
    "name": "PhaseActivated",
    "type": "event"
  },
  {
    "anonymous": false,
    "inputs": [
      {
        "indexed": true,
        "internalType": "uint256",
        "name": "phase",
        "type": "uint256"
      }
    ],
    "name": "PhaseDeactivated",
    "type": "event"
  },
  {
    "anonymous": false,
    "inputs": [
      {
        "indexed": false,
        "internalType": "address",
        "name": "buyer",
        "type": "address"
      },
      {
        "indexed": false,
        "internalType": "uint256",
        "name": "amount",
        "type": "uint256"
      },
      {
        "indexed": false,
        "internalType": "uint256",
        "name": "cost",
        "type": "uint256"
      },
      {
        "indexed": false,
        "internalType": "string",
        "name": "paymentMethod",
        "type": "string"
      },
      {
        "indexed": false,
        "internalType": "uint256",
        "name": "bonusAmount",
        "type": "uint256"
      }
    ],
    "name": "Purchase",
    "type": "event"
  },
  {
    "anonymous": false,
    "inputs": [
      {
        "indexed": true,
        "internalType": "address",
        "name": "referrer",
        "type": "address"
      },
      {
        "indexed": true,
        "internalType": "address",
        "name": "referee",
        "type": "address"
      },
      {
        "indexed": false,
        "internalType": "uint256",
        "name": "commission",
        "type": "uint256"
      },
      {
        "indexed": false,
        "internalType": "uint256",
        "name": "level",
        "type": "uint256"
      }
    ],
    "name": "ReferralCommissionPaid",
    "type": "event"
  },
  {
    "anonymous": false,
    "inputs": [
      {
        "indexed": false,
        "internalType": "uint256",
        "name": "level1",
        "type": "uint256"
      },
      {
        "indexed": false,
        "internalType": "uint256",
        "name": "level2",
        "type": "uint256"
      },
      {
        "indexed": false,
        "internalType": "uint256",
        "name": "level3",
        "type": "uint256"
      },
      {
        "indexed": false,
        "internalType": "uint256",
        "name": "level4",
        "type": "uint256"
      },
      {
        "indexed": false,
        "internalType": "uint256",
        "name": "level5",
        "type": "uint256"
      }
    ],
    "name": "ReferralRatesUpdated",
    "type": "event"
  },
  {
    "anonymous": false,
    "inputs": [
      {
        "indexed": false,
        "internalType": "uint256",
        "name": "newThreshold",
        "type": "uint256"
      }
    ],
    "name": "ReferralThresholdUpdated",
    "type": "event"
  },
  {
    "anonymous": false,
    "inputs": [
      {
        "indexed": true,
        "internalType": "uint256",
        "name": "phase",
        "type": "uint256"
      },
      {
        "indexed": false,
        "internalType": "uint256",
        "name": "newPrice",
        "type": "uint256"
      }
    ],
    "name": "TokenPriceUpdated",
    "type": "event"
  },
  {
    "inputs": [],
    "name": "AIRDROP_ALLOCATION",
    "outputs": [
      {
        "internalType": "uint256",
        "name": "",
        "type": "uint256"
      }
    ],
    "stateMutability": "view",
    "type": "function"
  },
  {
    "inputs": [],
    "name": "PHASE_ALLOCATION",
    "outputs": [
      {
        "internalType": "uint256",
        "name": "",
        "type": "uint256"
      }
    ],
    "stateMutability": "view",
    "type": "function"
  },
  {
    "inputs": [
      {
        "internalType": "uint256",
        "name": "phase",
        "type": "uint256"
      },
      {
        "internalType": "uint256",
        "name": "startTime",
        "type": "uint256"
      },
      {
        "internalType": "uint256",
        "name": "duration",
        "type": "uint256"
      },
      {
        "internalType": "uint256",
        "name": "tokenPrice",
        "type": "uint256"
      }
    ],
    "name": "activatePhase",
    "outputs": [],
    "stateMutability": "nonpayable",
    "type": "function"
  },
  {
    "inputs": [],
    "name": "admin",
    "outputs": [
      {
        "internalType": "address",
        "name": "",
        "type": "address"
      }
    ],
    "stateMutability": "view",
    "type": "function"
  },
  {
    "inputs": [],
    "name": "adminReport",
    "outputs": [
      {
        "internalType": "uint256",
        "name": "totalTokensSold",
        "type": "uint256"
      },
      {
        "internalType": "uint256",
        "name": "totalUsdtCollected",
        "type": "uint256"
      },
      {
        "internalType": "uint256",
        "name": "totalBnbCollected",
        "type": "uint256"
      },
      {
        "internalType": "uint256",
        "name": "totalCommissionsPaid",
        "type": "uint256"
      },
      {
        "internalType": "uint256",
        "name": "totalBonusesPaid",
        "type": "uint256"
      },
      {
        "internalType": "uint256",
        "name": "totalAirdropsAllocated",
        "type": "uint256"
      },
      {
        "internalType": "uint256",
        "name": "totalAirdropsClaimed",
        "type": "uint256"
      },
      {
        "internalType": "uint256",
        "name": "totalAirdropCommissionsPaid",
        "type": "uint256"
      }
    ],
    "stateMutability": "view",
    "type": "function"
  },
  {
    "inputs": [
      {
        "internalType": "address",
        "name": "",
        "type": "address"
      },
      {
        "internalType": "uint256",
        "name": "",
        "type": "uint256"
      }
    ],
    "name": "airdropCommissionHistory",
    "outputs": [
      {
        "internalType": "address",
        "name": "referee",
        "type": "address"
      },
      {
        "internalType": "uint256",
        "name": "commission",
        "type": "uint256"
      },
      {
        "internalType": "uint256",
        "name": "airdropAmount",
        "type": "uint256"
      },
      {
        "internalType": "uint256",
        "name": "timestamp",
        "type": "uint256"
      },
      {
        "internalType": "uint256",
        "name": "level",
        "type": "uint256"
      }
    ],
    "stateMutability": "view",
    "type": "function"
  },
  {
    "inputs": [
      {
        "internalType": "address",
        "name": "",
        "type": "address"
      },
      {
        "internalType": "uint256",
        "name": "",
        "type": "uint256"
      }
    ],
    "name": "airdropDirectReferrals",
    "outputs": [
      {
        "internalType": "address",
        "name": "",
        "type": "address"
      }
    ],
    "stateMutability": "view",
    "type": "function"
  },
  {
    "inputs": [],
    "name": "airdropLevel1ReferralBonus",
    "outputs": [
      {
        "internalType": "uint256",
        "name": "",
        "type": "uint256"
      }
    ],
    "stateMutability": "view",
    "type": "function"
  },
  {
    "inputs": [],
    "name": "airdropLevel2ReferralBonus",
    "outputs": [
      {
        "internalType": "uint256",
        "name": "",
        "type": "uint256"
      }
    ],
    "stateMutability": "view",
    "type": "function"
  },
  {
    "inputs": [],
    "name": "airdropLevel3ReferralBonus",
    "outputs": [
      {
        "internalType": "uint256",
        "name": "",
        "type": "uint256"
      }
    ],
    "stateMutability": "view",
    "type": "function"
  },
  {
    "inputs": [],
    "name": "airdropLevel4ReferralBonus",
    "outputs": [
      {
        "internalType": "uint256",
        "name": "",
        "type": "uint256"
      }
    ],
    "stateMutability": "view",
    "type": "function"
  },
  {
    "inputs": [],
    "name": "airdropLevel5ReferralBonus",
    "outputs": [
      {
        "internalType": "uint256",
        "name": "",
        "type": "uint256"
      }
    ],
    "stateMutability": "view",
    "type": "function"
  },
  {
    "inputs": [
      {
        "internalType": "address",
        "name": "",
        "type": "address"
      }
    ],
    "name": "airdropMap",
    "outputs": [
      {
        "internalType": "bool",
        "name": "eligible",
        "type": "bool"
      },
      {
        "internalType": "bool",
        "name": "claimed",
        "type": "bool"
      },
      {
        "internalType": "uint256",
        "name": "amount",
        "type": "uint256"
      },
      {
        "internalType": "address",
        "name": "referrer",
        "type": "address"
      },
      {
        "internalType": "uint256",
        "name": "timestamp",
        "type": "uint256"
      }
    ],
    "stateMutability": "view",
    "type": "function"
  },
  {
    "inputs": [
      {
        "internalType": "address",
        "name": "",
        "type": "address"
      }
    ],
    "name": "airdropReferralInfo",
    "outputs": [
      {
        "internalType": "uint256",
        "name": "totalAirdropReferrals",
        "type": "uint256"
      },
      {
        "internalType": "uint256",
        "name": "totalAirdropCommission",
        "type": "uint256"
      }
    ],
    "stateMutability": "view",
    "type": "function"
  },
  {
    "inputs": [
      {
        "internalType": "address",
        "name": "",
        "type": "address"
      },
      {
        "internalType": "uint256",
        "name": "",
        "type": "uint256"
      }
    ],
    "name": "airdropReferralTree",
    "outputs": [
      {
        "internalType": "address",
        "name": "",
        "type": "address"
      }
    ],
    "stateMutability": "view",
    "type": "function"
  },
  {
    "inputs": [
      {
        "internalType": "address[]",
        "name": "users",
        "type": "address[]"
      },
      {
        "internalType": "uint256[]",
        "name": "amounts",
        "type": "uint256[]"
      }
    ],
    "name": "batchSetAirdrop",
    "outputs": [],
    "stateMutability": "nonpayable",
    "type": "function"
  },
  {
    "inputs": [],
    "name": "claimAirdrop",
    "outputs": [],
    "stateMutability": "nonpayable",
    "type": "function"
  },
  {
    "inputs": [
      {
        "internalType": "address",
        "name": "",
        "type": "address"
      },
      {
        "internalType": "uint256",
        "name": "",
        "type": "uint256"
      }
    ],
    "name": "commissionHistory",
    "outputs": [
      {
        "internalType": "address",
        "name": "referee",
        "type": "address"
      },
      {
        "internalType": "uint256",
        "name": "commission",
        "type": "uint256"
      },
      {
        "internalType": "uint256",
        "name": "purchaseAmount",
        "type": "uint256"
      },
      {
        "internalType": "uint256",
        "name": "timestamp",
        "type": "uint256"
      },
      {
        "internalType": "uint256",
        "name": "level",
        "type": "uint256"
      }
    ],
    "stateMutability": "view",
    "type": "function"
  },
  {
    "inputs": [
      {
        "internalType": "uint256",
        "name": "phase",
        "type": "uint256"
      }
    ],
    "name": "deactivatePhase",
    "outputs": [],
    "stateMutability": "nonpayable",
    "type": "function"
  },
  {
    "inputs": [
      {
        "internalType": "address",
        "name": "",
        "type": "address"
      },
      {
        "internalType": "uint256",
        "name": "",
        "type": "uint256"
      }
    ],
    "name": "directReferrals",
    "outputs": [
      {
        "internalType": "address",
        "name": "",
        "type": "address"
      }
    ],
    "stateMutability": "view",
    "type": "function"
  },
  {
    "inputs": [],
    "name": "ebtTokenAddress",
    "outputs": [
      {
        "internalType": "address",
        "name": "",
        "type": "address"
      }
    ],
    "stateMutability": "view",
    "type": "function"
  },
  {
    "inputs": [],
    "name": "largeOrderBonusPercentage",
    "outputs": [
      {
        "internalType": "uint256",
        "name": "",
        "type": "uint256"
      }
    ],
    "stateMutability": "view",
    "type": "function"
  },
  {
    "inputs": [],
    "name": "largeOrderBonusThreshold",
    "outputs": [
      {
        "internalType": "uint256",
        "name": "",
        "type": "uint256"
      }
    ],
    "stateMutability": "view",
    "type": "function"
  },
  {
    "inputs": [],
    "name": "level1ReferralBonus",
    "outputs": [
      {
        "internalType": "uint256",
        "name": "",
        "type": "uint256"
      }
    ],
    "stateMutability": "view",
    "type": "function"
  },
  {
    "inputs": [],
    "name": "level2ReferralBonus",
    "outputs": [
      {
        "internalType": "uint256",
        "name": "",
        "type": "uint256"
      }
    ],
    "stateMutability": "view",
    "type": "function"
  },
  {
    "inputs": [],
    "name": "level3ReferralBonus",
    "outputs": [
      {
        "internalType": "uint256",
        "name": "",
        "type": "uint256"
      }
    ],
    "stateMutability": "view",
    "type": "function"
  },
  {
    "inputs": [],
    "name": "level4ReferralBonus",
    "outputs": [
      {
        "internalType": "uint256",
        "name": "",
        "type": "uint256"
      }
    ],
    "stateMutability": "view",
    "type": "function"
  },
  {
    "inputs": [],
    "name": "level5ReferralBonus",
    "outputs": [
      {
        "internalType": "uint256",
        "name": "",
        "type": "uint256"
      }
    ],
    "stateMutability": "view",
    "type": "function"
  },
  {
    "inputs": [],
    "name": "minBnbPurchase",
    "outputs": [
      {
        "internalType": "uint256",
        "name": "",
        "type": "uint256"
      }
    ],
    "stateMutability": "view",
    "type": "function"
  },
  {
    "inputs": [],
    "name": "minUsdtPurchase",
    "outputs": [
      {
        "internalType": "uint256",
        "name": "",
        "type": "uint256"
      }
    ],
    "stateMutability": "view",
    "type": "function"
  },
  {
    "inputs": [],
    "name": "owner",
    "outputs": [
      {
        "internalType": "address",
        "name": "",
        "type": "address"
      }
    ],
    "stateMutability": "view",
    "type": "function"
  },
  {
    "inputs": [],
    "name": "pancakeRouter",
    "outputs": [
      {
        "internalType": "contract IUniswapV2Router02",
        "name": "",
        "type": "address"
      }
    ],
    "stateMutability": "view",
    "type": "function"
  },
  {
    "inputs": [
      {
        "internalType": "uint256",
        "name": "",
        "type": "uint256"
      }
    ],
    "name": "presalePhases",
    "outputs": [
      {
        "internalType": "uint256",
        "name": "startTime",
        "type": "uint256"
      },
      {
        "internalType": "uint256",
        "name": "endTime",
        "type": "uint256"
      },
      {
        "internalType": "uint256",
        "name": "tokenPrice",
        "type": "uint256"
      },
      {
        "internalType": "uint256",
        "name": "tokensAvailable",
        "type": "uint256"
      },
      {
        "internalType": "bool",
        "name": "active",
        "type": "bool"
      }
    ],
    "stateMutability": "view",
    "type": "function"
  },
  {
    "inputs": [
      {
        "internalType": "address",
        "name": "",
        "type": "address"
      },
      {
        "internalType": "uint256",
        "name": "",
        "type": "uint256"
      }
    ],
    "name": "purchaseHistory",
    "outputs": [
      {
        "internalType": "uint256",
        "name": "amount",
        "type": "uint256"
      },
      {
        "internalType": "uint256",
        "name": "cost",
        "type": "uint256"
      },
      {
        "internalType": "uint256",
        "name": "timestamp",
        "type": "uint256"
      },
      {
        "internalType": "string",
        "name": "paymentMethod",
        "type": "string"
      },
      {
        "internalType": "uint256",
        "name": "bonusAmount",
        "type": "uint256"
      }
    ],
    "stateMutability": "view",
    "type": "function"
  },
  {
    "inputs": [
      {
        "internalType": "address",
        "name": "referrer",
        "type": "address"
      }
    ],
    "name": "purchaseTokensWithBNB",
    "outputs": [],
    "stateMutability": "payable",
    "type": "function"
  },
  {
    "inputs": [
      {
        "internalType": "uint256",
        "name": "usdtAmount",
        "type": "uint256"
      },
      {
        "internalType": "address",
        "name": "referrer",
        "type": "address"
      }
    ],
    "name": "purchaseTokensWithUSDT",
    "outputs": [],
    "stateMutability": "nonpayable",
    "type": "function"
  },
  {
    "inputs": [],
    "name": "referralEligibilityThreshold",
    "outputs": [
      {
        "internalType": "uint256",
        "name": "",
        "type": "uint256"
      }
    ],
    "stateMutability": "view",
    "type": "function"
  },
  {
    "inputs": [
      {
        "internalType": "address",
        "name": "",
        "type": "address"
      }
    ],
    "name": "referralInfo",
    "outputs": [
      {
        "internalType": "uint256",
        "name": "totalReferralVolume",
        "type": "uint256"
      },
      {
        "internalType": "uint256",
        "name": "totalCommission",
        "type": "uint256"
      },
      {
        "internalType": "bool",
        "name": "isEligibleForMultiLevel",
        "type": "bool"
      },
      {
        "internalType": "string",
        "name": "referralLink",
        "type": "string"
      }
    ],
    "stateMutability": "view",
    "type": "function"
  },
  {
    "inputs": [
      {
        "internalType": "address",
        "name": "",
        "type": "address"
      },
      {
        "internalType": "uint256",
        "name": "",
        "type": "uint256"
      }
    ],
    "name": "referralTree",
    "outputs": [
      {
        "internalType": "address",
        "name": "",
        "type": "address"
      }
    ],
    "stateMutability": "view",
    "type": "function"
  },
  {
    "inputs": [],
    "name": "renounceOwnership",
    "outputs": [],
    "stateMutability": "nonpayable",
    "type": "function"
  },
  {
    "inputs": [
      {
        "internalType": "address",
        "name": "newAdmin",
        "type": "address"
      }
    ],
    "name": "setAdmin",
    "outputs": [],
    "stateMutability": "nonpayable",
    "type": "function"
  },
  {
    "inputs": [
      {
        "internalType": "address",
        "name": "user",
        "type": "address"
      },
      {
        "internalType": "uint256",
        "name": "amount",
        "type": "uint256"
      }
    ],
    "name": "setAirdrop",
    "outputs": [],
    "stateMutability": "nonpayable",
    "type": "function"
  },
  {
    "inputs": [
      {
        "internalType": "address",
        "name": "user",
        "type": "address"
      },
      {
        "internalType": "uint256",
        "name": "amount",
        "type": "uint256"
      },
      {
        "internalType": "address",
        "name": "referrer",
        "type": "address"
      }
    ],
    "name": "setAirdropWithReferrer",
    "outputs": [],
    "stateMutability": "nonpayable",
    "type": "function"
  },
  {
    "inputs": [
      {
        "internalType": "address",
        "name": "newOwner",
        "type": "address"
      }
    ],
    "name": "transferOwnership",
    "outputs": [],
    "stateMutability": "nonpayable",
    "type": "function"
  },
  {
    "inputs": [
      {
        "internalType": "uint256",
        "name": "level1",
        "type": "uint256"
      },
      {
        "internalType": "uint256",
        "name": "level2",
        "type": "uint256"
      },
      {
        "internalType": "uint256",
        "name": "level3",
        "type": "uint256"
      },
      {
        "internalType": "uint256",
        "name": "level4",
        "type": "uint256"
      },
      {
        "internalType": "uint256",
        "name": "level5",
        "type": "uint256"
      }
    ],
    "name": "updateAirdropReferralRates",
    "outputs": [],
    "stateMutability": "nonpayable",
    "type": "function"
  },
  {
    "inputs": [
      {
        "internalType": "uint256",
        "name": "threshold",
        "type": "uint256"
      },
      {
        "internalType": "uint256",
        "name": "percentage",
        "type": "uint256"
      }
    ],
    "name": "updateBonusParameters",
    "outputs": [],
    "stateMutability": "nonpayable",
    "type": "function"
  },
  {
    "inputs": [
      {
        "internalType": "uint256",
        "name": "newMinUsdtAmount",
        "type": "uint256"
      },
      {
        "internalType": "uint256",
        "name": "newMinBnbAmount",
        "type": "uint256"
      }
    ],
    "name": "updateMinimumPurchaseAmounts",
    "outputs": [],
    "stateMutability": "nonpayable",
    "type": "function"
  },
  {
    "inputs": [
      {
        "internalType": "uint256",
        "name": "level1",
        "type": "uint256"
      },
      {
        "internalType": "uint256",
        "name": "level2",
        "type": "uint256"
      },
      {
        "internalType": "uint256",
        "name": "level3",
        "type": "uint256"
      },
      {
        "internalType": "uint256",
        "name": "level4",
        "type": "uint256"
      },
      {
        "internalType": "uint256",
        "name": "level5",
        "type": "uint256"
      }
    ],
    "name": "updateReferralEligibilityThreshold",
    "outputs": [],
    "stateMutability": "nonpayable",
    "type": "function"
  },
  {
    "inputs": [
      {
        "internalType": "uint256",
        "name": "newThreshold",
        "type": "uint256"
      }
    ],
    "name": "updateReferralRates",
    "outputs": [],
    "stateMutability": "nonpayable",
    "type": "function"
  },
  {
    "inputs": [
      {
        "internalType": "uint256",
        "name": "phase",
        "type": "uint256"
      },
      {
        "internalType": "uint256",
        "name": "newTokensAvailable",
        "type": "uint256"
      }
    ],
    "name": "updateSaleParameters",
    "outputs": [],
    "stateMutability": "nonpayable",
    "type": "function"
  },
  {
    "inputs": [
      {
        "internalType": "uint256",
        "name": "phase",
        "type": "uint256"
      },
      {
        "internalType": "uint256",
        "name": "newPrice",
        "type": "uint256"
      }
    ],
    "name": "updateTokenPrice",
    "outputs": [],
    "stateMutability": "nonpayable",
    "type": "function"
  },
  {
    "inputs": [],
    "name": "usdtTokenAddress",
    "outputs": [
      {
        "internalType": "address",
        "name": "",
        "type": "address"
      }
    ],
    "stateMutability": "view",
    "type": "function"
  },
  {
    "inputs": [
      {
        "internalType": "address payable",
        "name": "recipient",
        "type": "address"
      },
      {
        "internalType": "uint256",
        "name": "amount",
        "type": "uint256"
      }
    ],
    "name": "withdrawBNB",
    "outputs": [],
    "stateMutability": "nonpayable",
    "type": "function"
  },
  {
    "inputs": [
      {
        "internalType": "address",
        "name": "tokenAddress",
        "type": "address"
      },
      {
        "internalType": "address",
        "name": "recipient",
        "type": "address"
      },
      {
        "internalType": "uint256",
        "name": "amount",
        "type": "uint256"
      }
    ],
    "name": "withdrawTokens",
    "outputs": [],
    "stateMutability": "nonpayable",
    "type": "function"
  }
]